{
	"components": [
		{
			"name": "Ends.alpha",
			"type": "node",
			"params": {},
			"params_global_sets": [
				"hr_router_2_params"
			]
		},
		{
			"name": "Center.beta",
			"type": "node",
			"params": {},
			"params_global_sets": [
				"hr_router_2_params"
			]
		},
		{
			"name": "Ends.charlie",
			"type": "node",
			"params": {},
			"params_global_sets": [
				"hr_router_2_params"
			]
		},
		{
			"name": "Ends.delta",
			"type": "node",
			"params": {},
			"params_global_sets": [
				"hr_router_2_params"
			]
		}
	],
	"links": [
		{
			"name": "alphabeta",
			"left": {
				"component": "Ends.alpha",
				"port": "aport",
				"latency": "20ns"
			},
			"right": {
				"component": "Center.beta",
				"port": "bport",
				"latency": "20ns"
			}
		},
		{
			"name": "betacharlie",
			"left": {
				"component": "Center.beta",
				"port": "bport",
				"latency": "20ns"
			},
			"right": {
				"component": "Ends.charlie",
				"port": "cport",
				"latency": "20ns"
			}
		},
		{
			"name": "betadelta",
			"left": {
				"component": "Center.beta",
				"port": "bport",
				"latency": "20ns"
			},
			"right": {
				"component": "Ends.delta",
				"port": "dport",
				"latency": "20ns"
			}
		}
	]
}