{
	"components": [
		{
			"name": "Top.alpha",
			"type": "node",
			"params": {},
			"params_global_sets": [
				"hr_router_2_params"
			]
		},
		{
			"name": "Base.Left.beta",
			"type": "node",
			"params": {},
			"params_global_sets": [
				"hr_router_2_params"
			]
		},
		{
			"name": "Base.Right.charlie",
			"type": "node",
			"params": {},
			"params_global_sets": [
				"hr_router_2_params"
			]
		}
	],
	"links": [
		{
			"name": "alphabeta",
			"left": {
				"component": "Top.alpha",
				"port": "aport",
				"latency": "20ns"
			},
			"right": {
				"component": "Base.Left.beta",
				"port": "bport",
				"latency": "20ns"
			}
		},
		{
			"name": "alphacharlie",
			"left": {
				"component": "Top.alpha",
				"port": "aport",
				"latency": "20ns"
			},
			"right": {
				"component": "Base.Right.charlie",
				"port": "cport",
				"latency": "20ns"
			}
		},
		{
			"name": "betacharlie",
			"left": {
				"component": "Base.Left.beta",
				"port": "bport",
				"latency": "20ns"
			},
			"right": {
				"component": "Base.Right.charlie",
				"port": "cport",
				"latency": "20ns"
			}
		}
	]
}